Field,Type,Null,Key,Default,Extra
date,date,NO,PRI,,
act_symbol,varchar(64),NO,PRI,,
hv_current,"decimal(5,4)",YES,,,
hv_week_ago,"decimal(5,4)",YES,,,
hv_month_ago,"decimal(5,4)",YES,,,
hv_year_high,"decimal(5,4)",YES,,,
hv_year_high_date,date,YES,,,
hv_year_low,"decimal(5,4)",YES,,,
hv_year_low_date,date,YES,,,
iv_current,"decimal(5,4)",YES,,,
iv_week_ago,"decimal(5,4)",YES,,,
iv_month_ago,"decimal(5,4)",YES,,,
iv_year_high,"decimal(5,4)",YES,,,
iv_year_high_date,date,YES,,,
iv_year_low,"decimal(5,4)",YES,,,
iv_year_low_date,date,YES,,,
